----
-- Regression test to Global Temporary Table implementation
--
-- Test for GTT with ON COMMIT PRESERVE ROWS clause.
--
-- Test rereouting of truncate on the temporary table.
--
----
-- Import the library
LOAD 'pgtt';
-- Create a GTT like table to test ON COMMIT PRESERVE ROWS
CREATE GLOBAL TEMPORARY TABLE t_glob_temptable1 (id integer, lbl text) ON COMMIT PRESERVE ROWS;
WARNING:  GLOBAL is deprecated in temporary table creation
LINE 1: CREATE GLOBAL TEMPORARY TABLE t_glob_temptable1 (id integer,...
               ^
-- Look at Global Temporary Table definition
SELECT nspname, relname, preserved, code FROM pgtt_schema.pg_global_temp_tables;
   nspname   |      relname      | preserved |         code         
-------------+-------------------+-----------+----------------------
 pgtt_schema | t_glob_temptable1 | t         | id integer, lbl text
(1 row)

-- A "template" unlogged table should exists
SELECT n.nspname, c.relname FROM pg_class c JOIN pg_namespace n ON (c.relnamespace=n.oid) WHERE relname = 't_glob_temptable1';
   nspname   |      relname      
-------------+-------------------
 pgtt_schema | t_glob_temptable1
(1 row)

BEGIN;
-- With the first insert some value in the temporary table
INSERT INTO t_glob_temptable1 VALUES (1, 'One');
-- Look if we have two tables now
SELECT regexp_replace(n.nspname, '\d+', 'x', 'g'), c.relname FROM pg_class c JOIN pg_namespace n ON (c.relnamespace=n.oid) WHERE relname = 't_glob_temptable1';
 regexp_replace |      relname      
----------------+-------------------
 pgtt_schema    | t_glob_temptable1
 pg_temp_x      | t_glob_temptable1
(2 rows)

-- Second insert, the temporary table exists
INSERT INTO t_glob_temptable1 VALUES (2, 'Two');
-- Look at content of the template for Global Temporary Table, must be empty
SET pgtt.enabled TO off;
SELECT * FROM pgtt_schema.t_glob_temptable1;
 id | lbl 
----+-----
(0 rows)

SET pgtt.enabled TO on;
-- Look at content of the Global Temporary Table
SELECT * FROM t_glob_temptable1;
 id | lbl 
----+-----
  1 | One
  2 | Two
(2 rows)

COMMIT;
SELECT * FROM t_glob_temptable1;
 id | lbl 
----+-----
  1 | One
  2 | Two
(2 rows)

-- Truncate GTT
TRUNCATE t_glob_temptable1;
SELECT * FROM t_glob_temptable1;
 id | lbl 
----+-----
(0 rows)

-- Reconnect and drop it
\c - -
LOAD 'pgtt';
-- Cleanup
DROP TABLE t_glob_temptable1;
